{
    "KEYS_04": {
        "kValue": {
            "kID_01": "404142434445464748494A4B4C4D4E4F", 
            "kID_03": "404142434445464748494A4B4C4D4E4F", 
            "kID_02": "404142434445464748494A4B4C4D4E4F"
        }, 
        "kLen": "128", 
        "kType": "DES", 
        "kVer": "04"
    }, 
    "KEYS_05": {
        "dMode": "VISA2", 
        "kType": "DES", 
        "kLen": "128", 
        "kVer": "05", 
        "dData": "0000000000000000000000", 
        "kValue": {
            "Master key": "404142434445464748494A4B4C4D4E4F"
        }
    }, 
    "KEYS_06": {
        "dMode": "VISA2", 
        "kType": "DES", 
        "kLen": "128", 
        "kVer": "06", 
        "dData": "0000000000000000000000", 
        "kValue": {
            "Master key": "404142434445464748494A4B4C4D4E4F"
        }
    }, 
    "KEYS_00": {
        "kValue": {
            "kID_01": "404142434445464748494A4B4C4D4E4F", 
            "kID_00": "404142434445464748494A4B4C4D4E4F", 
            "kID_02": "404142434445464748494A4B4C4D4E4F"
        }, 
        "kLen": "128", 
        "kType": "DES", 
        "kVer": "00"
    }, 
    "KEYS_01": {
        "dMode": "VISA2", 
        "kType": "DES", 
        "kLen": "128", 
        "kVer": "01", 
        "dData": "0000000000000000000000", 
        "kValue": {
            "Master key": "404142434445464748494A4B4C4D4E4F"
        }
    }, 
    "KEYS_02": {
        "kValue": {
            "kID_01": "404142434445464748494A4B4C4D4E4F", 
            "kID_00": "404142434445464748494A4B4C4D4E4F", 
            "kID_02": "404142434445464748494A4B4C4D4E4F"
        }, 
        "kLen": "128", 
        "kType": "DES", 
        "kVer": "02"
    }, 
    "KEYS_03": {
        "kValue": {
            "kID_01": "404142434445464748494A4B4C4D4E4F", 
            "kID_00": "404142434445464748494A4B4C4D4E4F", 
            "kID_02": "404142434445464748494A4B4C4D4E4F"
        }, 
        "kLen": "128", 
        "kType": "DES", 
        "kVer": "03"
    }
}